problem,metric,best_method,best_k,value,tool_time_s,d4_time_s,kissat_time_s,total_d4_time_s,total_kissat_time_s,model_count,d4_result,kissat_result,d4_timeout,kissat_timeout
golf_g3_p3_w3,d4_time_s,neighbors,64,0.073,0.09534740447998047,0.073,0.009,0.16834740447998048,0.10434740447998046,12.0,sat,sat,False,False
golf_g3_p3_w3,kissat_time_s,satsuma,16,0.004,0.0,43.196,0.004,43.196,0.004,652962.0,sat,sat,False,False
golf_g3_p3_w3,model_count,neighbors,64,12.0,0.09534740447998047,0.073,0.009,0.16834740447998048,0.10434740447998046,12.0,sat,sat,False,False
golf_g3_p3_w3,d4_speedup_vs_method_k0,neighbors,64,3436.0000000000005,0.09534740447998047,0.073,0.009,0.16834740447998048,0.10434740447998046,12.0,sat,sat,False,False
golf_g3_p3_w3,kissat_speedup_vs_method_k0,gen2,48,1.7999999999999998,0.05386066436767578,17.946,0.005,17.999860664367677,0.05886066436767578,176214.0,sat,sat,False,False
golf_g3_p3_w3,models_ratio_vs_method_k0,neighbors,64,2.7557319223985893e-06,0.09534740447998047,0.073,0.009,0.16834740447998048,0.10434740447998046,12.0,sat,sat,False,False
golf_g3_p3_w3,tool_time_s,gen2,0,0.0,0.0,251.521,0.009,251.521,0.009,4354560.0,sat,sat,False,False
golf_g3_p3_w3,total_d4_time_s,neighbors,32,0.1166765308380127,0.031676530838012695,0.085,0.007,0.1166765308380127,0.038676530838012695,432.0,sat,sat,False,False
golf_g3_p3_w3,total_kissat_time_s,satsuma,16,0.004,0.0,43.196,0.004,43.196,0.004,652962.0,sat,sat,False,False
golf_g3_p3_w3,d4_net_speedup_vs_method_k0,neighbors,32,2149.772522361295,0.031676530838012695,0.085,0.007,0.1166765308380127,0.038676530838012695,432.0,sat,sat,False,False
golf_g3_p3_w3,kissat_net_speedup_vs_method_k0,satsuma,16,1.5,0.0,43.196,0.004,43.196,0.004,652962.0,sat,sat,False,False
golf_g4_p4_w6,d4_time_s,neighbors,380,0.452,10.539054155349731,0.452,4.033,10.991054155349731,14.572054155349733,0.0,unsat,unsat,False,False
golf_g4_p4_w6,kissat_time_s,neighbors,228,3.333,4.382069826126099,1.515,3.333,5.897069826126098,7.715069826126099,0.0,unsat,unsat,False,False
golf_g4_p4_w6,model_count,neighbors,76,0.0,0.518867015838623,0.612,4.333,1.1308670158386231,4.851867015838623,0.0,unsat,unsat,False,False
golf_g4_p4_w6,d4_speedup_vs_method_k0,neighbors,380,79652.65486725663,10.539054155349731,0.452,4.033,10.991054155349731,14.572054155349733,0.0,unsat,unsat,False,False
golf_g4_p4_w6,kissat_speedup_vs_method_k0,neighbors,228,10801.740174017401,4.382069826126099,1.515,3.333,5.897069826126098,7.715069826126099,0.0,unsat,unsat,False,False
golf_g4_p4_w6,tool_time_s,neighbors,0,0.0,0.0,36003.0,36002.2,36003.0,36002.2,,,,True,True
golf_g4_p4_w6,total_d4_time_s,neighbors,76,1.1308670158386231,0.518867015838623,0.612,4.333,1.1308670158386231,4.851867015838623,0.0,unsat,unsat,False,False
golf_g4_p4_w6,total_kissat_time_s,neighbors,76,4.851867015838623,0.518867015838623,0.612,4.333,1.1308670158386231,4.851867015838623,0.0,unsat,unsat,False,False
golf_g4_p4_w6,d4_net_speedup_vs_method_k0,neighbors,76,31836.634631439014,0.518867015838623,0.612,4.333,1.1308670158386231,4.851867015838623,0.0,unsat,unsat,False,False
golf_g4_p4_w6,kissat_net_speedup_vs_method_k0,neighbors,76,7420.2775720095,0.518867015838623,0.612,4.333,1.1308670158386231,4.851867015838623,0.0,unsat,unsat,False,False
golf_g5_p3_w6,d4_time_s,satsuma,0,36000.4,0.0,36000.4,4.041,36000.4,4.041,,,sat,True,False
golf_g5_p3_w6,kissat_time_s,satsuma,90,1.239,0.019840717315673828,36001.3,1.239,36001.31984071732,1.258840717315674,,,sat,True,False
golf_g5_p3_w6,d4_speedup_vs_method_k0,gen2,450,1.0000361102083557,2.807722806930542,36000.9,3.71,36003.70772280693,6.517722806930542,,,sat,True,False
golf_g5_p3_w6,kissat_speedup_vs_method_k0,satsuma,90,3.261501210653753,0.019840717315673828,36001.3,1.239,36001.31984071732,1.258840717315674,,,sat,True,False
golf_g5_p3_w6,tool_time_s,neighbors,0,0.0,0.0,36001.2,3.743,36001.2,3.743,,,sat,True,False
golf_g5_p3_w6,total_d4_time_s,satsuma,0,36000.4,0.0,36000.4,4.041,36000.4,4.041,,,sat,True,False
golf_g5_p3_w6,total_kissat_time_s,satsuma,90,1.258840717315674,0.019840717315673828,36001.3,1.239,36001.31984071732,1.258840717315674,,,sat,True,False
golf_g5_p3_w6,d4_net_speedup_vs_method_k0,gen2,0,1.0,0.01586127281188965,36002.2,3.613,36002.21586127281,3.6288612728118896,,,sat,True,False
golf_g5_p3_w6,kissat_net_speedup_vs_method_k0,satsuma,90,3.2100963564452742,0.019840717315673828,36001.3,1.239,36001.31984071732,1.258840717315674,,,sat,True,False
golf_g5_p4_w4,d4_time_s,neighbors,320,5325.0,9.29016637802124,5325.0,5.683,5334.290166378021,14.97316637802124,,,sat,True,False
golf_g5_p4_w4,kissat_time_s,satsuma,0,1.868,0.0,36002.4,1.868,36002.4,1.868,,,sat,True,False
golf_g5_p4_w4,d4_speedup_vs_method_k0,neighbors,320,6.761239436619718,9.29016637802124,5325.0,5.683,5334.290166378021,14.97316637802124,,,sat,True,False
golf_g5_p4_w4,kissat_speedup_vs_method_k0,gen2,400,1.1394057206331574,3.1295390129089355,23750.0,3.601,23753.12953901291,6.7305390129089355,,,sat,True,False
golf_g5_p4_w4,tool_time_s,neighbors,0,0.0,0.0,36003.6,3.977,36003.6,3.977,,,sat,True,False
golf_g5_p4_w4,total_d4_time_s,neighbors,320,5334.290166378021,9.29016637802124,5325.0,5.683,5334.290166378021,14.97316637802124,,,sat,True,False
golf_g5_p4_w4,total_kissat_time_s,satsuma,0,1.868,0.0,36002.4,1.868,36002.4,1.868,,,sat,True,False
golf_g5_p4_w4,d4_net_speedup_vs_method_k0,neighbors,320,6.749464104320822,9.29016637802124,5325.0,5.683,5334.290166378021,14.97316637802124,,,sat,True,False
golf_g5_p4_w4,kissat_net_speedup_vs_method_k0,gen2,0,1.0,0.02063441276550293,36009.0,4.103,36009.020634412766,4.123634412765503,,,sat,True,False
golf_g6_p2_w3,d4_time_s,gen2,132,3009.7,0.2858083248138428,3009.7,0.011,3009.9858083248137,0.2968083248138428,,,sat,True,False
golf_g6_p2_w3,kissat_time_s,neighbors,0,0.005,0.0,12252.5,0.005,12252.5,0.005,,,sat,True,False
golf_g6_p2_w3,d4_speedup_vs_method_k0,gen2,132,3.9910622321161577,0.2858083248138428,3009.7,0.011,3009.9858083248137,0.2968083248138428,,,sat,True,False
golf_g6_p2_w3,kissat_speedup_vs_method_k0,gen2,132,1.8181818181818183,0.2858083248138428,3009.7,0.011,3009.9858083248137,0.2968083248138428,,,sat,True,False
golf_g6_p2_w3,tool_time_s,gen2,0,0.0,0.0,12011.9,0.02,12011.9,0.02,,,sat,True,False
golf_g6_p2_w3,total_d4_time_s,gen2,132,3009.9858083248137,0.2858083248138428,3009.7,0.011,3009.9858083248137,0.2968083248138428,,,sat,True,False
golf_g6_p2_w3,total_kissat_time_s,neighbors,0,0.005,0.0,12252.5,0.005,12252.5,0.005,,,sat,True,False
golf_g6_p2_w3,d4_net_speedup_vs_method_k0,gen2,132,3.9906832672693358,0.2858083248138428,3009.7,0.011,3009.9858083248137,0.2968083248138428,,,sat,True,False
golf_g6_p2_w3,kissat_net_speedup_vs_method_k0,gen2,0,1.0,0.0,12011.9,0.02,12011.9,0.02,,,sat,True,False
latinsq_lsq5,d4_time_s,neighbors,24,0.056,0.02752852439880371,0.056,0.004,0.0835285243988037,0.031528524398803714,1344.0,sat,sat,False,False
latinsq_lsq5,kissat_time_s,neighbors,0,0.003,0.0,4.264,0.003,4.264,0.003,161280.0,sat,sat,False,False
latinsq_lsq5,model_count,transpositions,96,5.0,4.2695677280426025,2.322,0.04,6.591567728042603,4.309567728042603,5.0,sat,sat,False,False
latinsq_lsq5,d4_speedup_vs_method_k0,neighbors,24,76.14285714285714,0.02752852439880371,0.056,0.004,0.0835285243988037,0.031528524398803714,1344.0,sat,sat,False,False
latinsq_lsq5,kissat_speedup_vs_method_k0,satsuma,24,2.0,0.018807172775268555,0.565,0.003,0.5838071727752685,0.021807172775268554,15295.0,sat,sat,False,False
latinsq_lsq5,models_ratio_vs_method_k0,transpositions,96,3.1001984126984125e-05,4.2695677280426025,2.322,0.04,6.591567728042603,4.309567728042603,5.0,sat,sat,False,False
latinsq_lsq5,tool_time_s,gen2,0,0.0,0.0,5.112,0.005,5.112,0.005,161280.0,sat,sat,False,False
latinsq_lsq5,total_d4_time_s,neighbors,24,0.0835285243988037,0.02752852439880371,0.056,0.004,0.0835285243988037,0.031528524398803714,1344.0,sat,sat,False,False
latinsq_lsq5,total_kissat_time_s,neighbors,0,0.003,0.0,4.264,0.003,4.264,0.003,161280.0,sat,sat,False,False
latinsq_lsq5,d4_net_speedup_vs_method_k0,neighbors,24,51.04842963155553,0.02752852439880371,0.056,0.004,0.0835285243988037,0.031528524398803714,1344.0,sat,sat,False,False
latinsq_lsq5,kissat_net_speedup_vs_method_k0,gen2,0,1.0,0.0,5.112,0.005,5.112,0.005,161280.0,sat,sat,False,False
latinsq_lsq6,d4_time_s,neighbors,84,0.225,0.31779956817626953,0.225,0.013,0.5427995681762695,0.33079956817626954,7184.0,sat,sat,False,False
latinsq_lsq6,kissat_time_s,nongen,0,0.003,0.0,8272.33,0.003,8272.33,0.003,,,sat,True,False
latinsq_lsq6,model_count,transpositions,168,252.0,30.06076955795288,35.527,0.238,65.58776955795288,30.29876955795288,252.0,sat,sat,False,False
latinsq_lsq6,d4_speedup_vs_method_k0,neighbors,84,40129.333333333336,0.31779956817626953,0.225,0.013,0.5427995681762695,0.33079956817626954,7184.0,sat,sat,False,False
latinsq_lsq6,kissat_speedup_vs_method_k0,satsuma,210,1.3333333333333333,0.01570296287536621,3688.71,0.003,3688.7257029628754,0.01870296287536621,,,sat,True,False
latinsq_lsq6,tool_time_s,neighbors,0,0.0,0.0,9029.1,0.005,9029.1,0.005,,,sat,True,False
latinsq_lsq6,total_d4_time_s,neighbors,84,0.5427995681762695,0.31779956817626953,0.225,0.013,0.5427995681762695,0.33079956817626954,7184.0,sat,sat,False,False
latinsq_lsq6,total_kissat_time_s,nongen,0,0.003,0.0,8272.33,0.003,8272.33,0.003,,,sat,True,False
latinsq_lsq6,d4_net_speedup_vs_method_k0,neighbors,84,16634.31684431237,0.31779956817626953,0.225,0.013,0.5427995681762695,0.33079956817626954,7184.0,sat,sat,False,False
latinsq_lsq6,kissat_net_speedup_vs_method_k0,gen2,0,1.0,0.0020055770874023438,10327.7,0.007,10327.702005577088,0.009005577087402343,,,sat,True,False
latinsq_lsq7,d4_time_s,neighbors,340,14.22,6.706852436065674,14.22,0.16,20.926852436065673,6.866852436065674,268944.0,sat,sat,False,False
latinsq_lsq7,kissat_time_s,gen2,68,0.005,0.09537458419799805,13339.7,0.005,13339.795374584199,0.10037458419799805,,,sat,True,False
latinsq_lsq7,model_count,neighbors,272,268944.0,4.746349811553955,14.799,0.123,19.545349811553955,4.869349811553955,268944.0,sat,sat,False,False
latinsq_lsq7,d4_speedup_vs_method_k0,neighbors,340,1010.351617440225,6.706852436065674,14.22,0.16,20.926852436065673,6.866852436065674,268944.0,sat,sat,False,False
latinsq_lsq7,kissat_speedup_vs_method_k0,gen2,68,9.0,0.09537458419799805,13339.7,0.005,13339.795374584199,0.10037458419799805,,,sat,True,False
latinsq_lsq7,tool_time_s,neighbors,0,0.0,0.0,14367.2,0.03,14367.2,0.03,,,sat,True,False
latinsq_lsq7,total_d4_time_s,neighbors,272,19.545349811553955,4.746349811553955,14.799,0.123,19.545349811553955,4.869349811553955,268944.0,sat,sat,False,False
latinsq_lsq7,total_kissat_time_s,satsuma,68,0.0220832405090332,0.016083240509033203,12590.5,0.006,12590.516083240509,0.0220832405090332,,,sat,True,False
latinsq_lsq7,d4_net_speedup_vs_method_k0,neighbors,272,735.0699853684397,4.746349811553955,14.799,0.123,19.545349811553955,4.869349811553955,268944.0,sat,sat,False,False
latinsq_lsq7,kissat_net_speedup_vs_method_k0,satsuma,68,2.1283108328587255,0.016083240509033203,12590.5,0.006,12590.516083240509,0.0220832405090332,,,sat,True,False
latinsq_lsq8,d4_time_s,satsuma,500,3223.65,0.28479886054992676,3223.65,0.011,3223.93479886055,0.29579886054992677,,,sat,True,False
latinsq_lsq8,kissat_time_s,neighbors,0,0.003,0.0,16858.2,0.003,16858.2,0.003,,,sat,True,False
latinsq_lsq8,d4_speedup_vs_method_k0,satsuma,500,8.897119724535852,0.28479886054992676,3223.65,0.011,3223.93479886055,0.29579886054992677,,,sat,True,False
latinsq_lsq8,kissat_speedup_vs_method_k0,gen2,0,1.0,0.013801813125610352,18594.3,0.005,18594.313801813125,0.018801813125610353,,,sat,True,False
latinsq_lsq8,tool_time_s,neighbors,0,0.0,0.0,16858.2,0.003,16858.2,0.003,,,sat,True,False
latinsq_lsq8,total_d4_time_s,satsuma,500,3223.93479886055,0.28479886054992676,3223.65,0.011,3223.93479886055,0.29579886054992677,,,sat,True,False
latinsq_lsq8,total_kissat_time_s,neighbors,0,0.003,0.0,16858.2,0.003,16858.2,0.003,,,sat,True,False
latinsq_lsq8,d4_net_speedup_vs_method_k0,satsuma,500,8.896333762747599,0.28479886054992676,3223.65,0.011,3223.93479886055,0.29579886054992677,,,sat,True,False
latinsq_lsq8,kissat_net_speedup_vs_method_k0,gen2,0,1.0,0.013801813125610352,18594.3,0.005,18594.313801813125,0.018801813125610353,,,sat,True,False
latinsq_lsq9,d4_time_s,gen2,710,5172.25,5.822478532791138,5172.25,0.197,5178.072478532791,6.019478532791138,,,sat,True,False
latinsq_lsq9,kissat_time_s,gen2,0,0.006,0.031613826751708984,34465.6,0.006,34465.63161382675,0.03761382675170898,,,sat,True,False
latinsq_lsq9,d4_speedup_vs_method_k0,gen2,710,6.663560346077626,5.822478532791138,5172.25,0.197,5178.072478532791,6.019478532791138,,,sat,True,False
latinsq_lsq9,kissat_speedup_vs_method_k0,satsuma,142,1.2857142857142856,0.022925615310668945,36005.3,0.007,36005.32292561531,0.029925615310668945,,,sat,True,False
latinsq_lsq9,tool_time_s,neighbors,0,0.0,0.0,36005.7,0.008,36005.7,0.008,,,sat,True,False
latinsq_lsq9,total_d4_time_s,gen2,710,5178.072478532791,5.822478532791138,5172.25,0.197,5178.072478532791,6.019478532791138,,,sat,True,False
latinsq_lsq9,total_kissat_time_s,neighbors,0,0.008,0.0,36005.7,0.008,36005.7,0.008,,,sat,True,False
latinsq_lsq9,d4_net_speedup_vs_method_k0,gen2,710,6.656073617492623,5.822478532791138,5172.25,0.197,5178.072478532791,6.019478532791138,,,sat,True,False
latinsq_lsq9,kissat_net_speedup_vs_method_k0,gen2,0,1.0,0.031613826751708984,34465.6,0.006,34465.63161382675,0.03761382675170898,,,sat,True,False
php_pig21_hol20,d4_time_s,satsuma,420,0.031,0.009088277816772461,0.031,0.026,0.04008827781677246,0.035088277816772456,0.0,unsat,unsat,False,False
php_pig21_hol20,kissat_time_s,satsuma,420,0.026,0.009088277816772461,0.031,0.026,0.04008827781677246,0.035088277816772456,0.0,unsat,unsat,False,False
php_pig21_hol20,model_count,neighbors,168,0.0,0.2965872287750244,23455.4,678.882,23455.696587228776,679.178587228775,0.0,unsat,unsat,False,False
php_pig21_hol20,d4_speedup_vs_method_k0,satsuma,420,1161290.322580645,0.009088277816772461,0.031,0.026,0.04008827781677246,0.035088277816772456,0.0,unsat,unsat,False,False
php_pig21_hol20,kissat_speedup_vs_method_k0,satsuma,420,1384753.8461538462,0.009088277816772461,0.031,0.026,0.04008827781677246,0.035088277816772456,0.0,unsat,unsat,False,False
php_pig21_hol20,tool_time_s,neighbors,0,0.0,0.0,36000.1,36000.1,36000.1,36000.1,,,,True,True
php_pig21_hol20,total_d4_time_s,satsuma,420,0.04008827781677246,0.009088277816772461,0.031,0.026,0.04008827781677246,0.035088277816772456,0.0,unsat,unsat,False,False
php_pig21_hol20,total_kissat_time_s,satsuma,420,0.035088277816772456,0.009088277816772461,0.031,0.026,0.04008827781677246,0.035088277816772456,0.0,unsat,unsat,False,False
php_pig21_hol20,d4_net_speedup_vs_method_k0,satsuma,420,898018.123016949,0.009088277816772461,0.031,0.026,0.04008827781677246,0.035088277816772456,0.0,unsat,unsat,False,False
php_pig21_hol20,kissat_net_speedup_vs_method_k0,satsuma,420,1026086.2669865778,0.009088277816772461,0.031,0.026,0.04008827781677246,0.035088277816772456,0.0,unsat,unsat,False,False
php_pig25_hol20,d4_time_s,satsuma,400,0.035,0.028102636337280273,0.035,0.028,0.06310263633728028,0.05610263633728027,0.0,unsat,unsat,False,False
php_pig25_hol20,kissat_time_s,satsuma,400,0.028,0.028102636337280273,0.035,0.028,0.06310263633728028,0.05610263633728027,0.0,unsat,unsat,False,False
php_pig25_hol20,model_count,neighbors,200,0.0,0.4154164791107178,207.184,1.823,207.59941647911072,2.2384164791107177,0.0,unsat,unsat,False,False
php_pig25_hol20,d4_speedup_vs_method_k0,satsuma,400,1028585.7142857142,0.028102636337280273,0.035,0.028,0.06310263633728028,0.05610263633728027,0.0,unsat,unsat,False,False
php_pig25_hol20,kissat_speedup_vs_method_k0,satsuma,400,1285714.2857142857,0.028102636337280273,0.035,0.028,0.06310263633728028,0.05610263633728027,0.0,unsat,unsat,False,False
php_pig25_hol20,tool_time_s,gen2,0,0.0,0.0,36002.5,36000.0,36002.5,36000.0,,,,True,True
php_pig25_hol20,total_d4_time_s,satsuma,400,0.06310263633728028,0.028102636337280273,0.035,0.028,0.06310263633728028,0.05610263633728027,0.0,unsat,unsat,False,False
php_pig25_hol20,total_kissat_time_s,satsuma,500,0.05546682548522949,0.023466825485229492,0.04,0.032,0.0634668254852295,0.05546682548522949,0.0,unsat,unsat,False,False
php_pig25_hol20,d4_net_speedup_vs_method_k0,satsuma,400,570507.067368457,0.028102636337280273,0.035,0.028,0.06310263633728028,0.05610263633728027,0.0,unsat,unsat,False,False
php_pig25_hol20,kissat_net_speedup_vs_method_k0,satsuma,500,649036.6031419375,0.023466825485229492,0.04,0.032,0.0634668254852295,0.05546682548522949,0.0,unsat,unsat,False,False
php_pig31_hol30,d4_time_s,satsuma,930,0.045,0.06365013122558594,0.045,0.057,0.10865013122558594,0.12065013122558593,0.0,unsat,unsat,False,False
php_pig31_hol30,kissat_time_s,satsuma,930,0.057,0.06365013122558594,0.045,0.057,0.10865013122558594,0.12065013122558593,0.0,unsat,unsat,False,False
php_pig31_hol30,model_count,neighbors,558,0.0,2.9533607959747314,15807.1,4.463,15810.053360795975,7.4163607959747315,0.0,unsat,unsat,False,False
php_pig31_hol30,d4_speedup_vs_method_k0,satsuma,930,800017.7777777779,0.06365013122558594,0.045,0.057,0.10865013122558594,0.12065013122558593,0.0,unsat,unsat,False,False
php_pig31_hol30,kissat_speedup_vs_method_k0,satsuma,930,631614.0350877193,0.06365013122558594,0.045,0.057,0.10865013122558594,0.12065013122558593,0.0,unsat,unsat,False,False
php_pig31_hol30,tool_time_s,gen2,0,0.0,0.0,36000.5,36000.6,36000.5,36000.6,,,,True,True
php_pig31_hol30,total_d4_time_s,satsuma,930,0.10865013122558594,0.06365013122558594,0.045,0.057,0.10865013122558594,0.12065013122558593,0.0,unsat,unsat,False,False
php_pig31_hol30,total_kissat_time_s,satsuma,930,0.12065013122558593,0.06365013122558594,0.045,0.057,0.10865013122558594,0.12065013122558593,0.0,unsat,unsat,False,False
php_pig31_hol30,d4_net_speedup_vs_method_k0,satsuma,930,331346.1253466227,0.06365013122558594,0.045,0.057,0.10865013122558594,0.12065013122558593,0.0,unsat,unsat,False,False
php_pig31_hol30,kissat_net_speedup_vs_method_k0,satsuma,930,298400.0069812204,0.06365013122558594,0.045,0.057,0.10865013122558594,0.12065013122558593,0.0,unsat,unsat,False,False
php_pig35_hol15,d4_time_s,satsuma,420,0.022,0.023751497268676758,0.022,0.017,0.04575149726867676,0.04075149726867676,0.0,unsat,unsat,False,False
php_pig35_hol15,kissat_time_s,satsuma,210,0.017,0.015911340713500977,0.03,0.017,0.045911340713500975,0.03291134071350098,0.0,unsat,unsat,False,False
php_pig35_hol15,model_count,neighbors,105,0.0,0.17960739135742188,3.046,0.089,3.2256073913574217,0.26860739135742184,0.0,unsat,unsat,False,False
php_pig35_hol15,d4_speedup_vs_method_k0,satsuma,420,1636481.8181818181,0.023751497268676758,0.022,0.017,0.04575149726867676,0.04075149726867676,0.0,unsat,unsat,False,False
php_pig35_hol15,kissat_speedup_vs_method_k0,satsuma,210,17048.11764705882,0.015911340713500977,0.03,0.017,0.045911340713500975,0.03291134071350098,0.0,unsat,unsat,False,False
php_pig35_hol15,tool_time_s,neighbors,0,0.0,0.0,36004.1,341.336,36004.1,341.336,,,unsat,True,False
php_pig35_hol15,total_d4_time_s,satsuma,420,0.04575149726867676,0.023751497268676758,0.022,0.017,0.04575149726867676,0.04075149726867676,0.0,unsat,unsat,False,False
php_pig35_hol15,total_kissat_time_s,satsuma,210,0.03291134071350098,0.015911340713500977,0.03,0.017,0.045911340713500975,0.03291134071350098,0.0,unsat,unsat,False,False
php_pig35_hol15,d4_net_speedup_vs_method_k0,satsuma,420,786916.3229472879,0.023751497268676758,0.022,0.017,0.04575149726867676,0.04075149726867676,0.0,unsat,unsat,False,False
php_pig35_hol15,kissat_net_speedup_vs_method_k0,satsuma,210,8806.022292525751,0.015911340713500977,0.03,0.017,0.045911340713500975,0.03291134071350098,0.0,unsat,unsat,False,False
php_pig40_hol10,d4_time_s,satsuma,160,0.03,0.01616668701171875,0.03,0.014,0.04616668701171875,0.03016668701171875,0.0,unsat,unsat,False,False
php_pig40_hol10,kissat_time_s,satsuma,160,0.014,0.01616668701171875,0.03,0.014,0.04616668701171875,0.03016668701171875,0.0,unsat,unsat,False,False
php_pig40_hol10,model_count,gen2,0,0.0,0.0,313.555,0.142,313.555,0.142,0.0,unsat,unsat,False,False
php_pig40_hol10,d4_speedup_vs_method_k0,satsuma,160,12046.833333333332,0.01616668701171875,0.03,0.014,0.04616668701171875,0.03016668701171875,0.0,unsat,unsat,False,False
php_pig40_hol10,kissat_speedup_vs_method_k0,satsuma,160,13.928571428571429,0.01616668701171875,0.03,0.014,0.04616668701171875,0.03016668701171875,0.0,unsat,unsat,False,False
php_pig40_hol10,tool_time_s,gen2,0,0.0,0.0,313.555,0.142,313.555,0.142,0.0,unsat,unsat,False,False
php_pig40_hol10,total_d4_time_s,satsuma,160,0.04616668701171875,0.01616668701171875,0.03,0.014,0.04616668701171875,0.03016668701171875,0.0,unsat,unsat,False,False
php_pig40_hol10,total_kissat_time_s,satsuma,160,0.03016668701171875,0.01616668701171875,0.03,0.014,0.04616668701171875,0.03016668701171875,0.0,unsat,unsat,False,False
php_pig40_hol10,d4_net_speedup_vs_method_k0,satsuma,160,7828.263698200014,0.01616668701171875,0.03,0.014,0.04616668701171875,0.03016668701171875,0.0,unsat,unsat,False,False
php_pig40_hol10,kissat_net_speedup_vs_method_k0,satsuma,160,6.464084038272053,0.01616668701171875,0.03,0.014,0.04616668701171875,0.03016668701171875,0.0,unsat,unsat,False,False
queens_n10,d4_time_s,satsuma,60,0.263,0.0,0.263,0.045,0.263,0.045,150.0,sat,sat,False,False
queens_n10,kissat_time_s,satsuma,0,0.026,0.0,0.728,0.026,0.728,0.026,724.0,sat,sat,False,False
queens_n10,model_count,satsuma,80,124.0,0.0,0.263,0.031,0.263,0.031,124.0,sat,sat,False,False
queens_n10,d4_speedup_vs_method_k0,satsuma,60,2.768060836501901,0.0,0.263,0.045,0.263,0.045,150.0,sat,sat,False,False
queens_n10,kissat_speedup_vs_method_k0,dihedral_gen,0,1.0,0.0,0.758,0.029,0.758,0.029,724.0,sat,sat,False,False
queens_n10,models_ratio_vs_method_k0,satsuma,80,0.1712707182320442,0.0,0.263,0.031,0.263,0.031,124.0,sat,sat,False,False
queens_n10,tool_time_s,dihedral_gen,0,0.0,0.0,0.758,0.029,0.758,0.029,724.0,sat,sat,False,False
queens_n10,total_d4_time_s,satsuma,60,0.263,0.0,0.263,0.045,0.263,0.045,150.0,sat,sat,False,False
queens_n10,total_kissat_time_s,satsuma,0,0.026,0.0,0.728,0.026,0.728,0.026,724.0,sat,sat,False,False
queens_n10,d4_net_speedup_vs_method_k0,satsuma,60,2.768060836501901,0.0,0.263,0.045,0.263,0.045,150.0,sat,sat,False,False
queens_n10,kissat_net_speedup_vs_method_k0,dihedral_gen,0,1.0,0.0,0.758,0.029,0.758,0.029,724.0,sat,sat,False,False
queens_n11,d4_time_s,dihedral_gen,48,1.608,0.004009723663330078,1.608,0.03,1.6120097236633302,0.03400972366333008,964.0,sat,sat,False,False
queens_n11,kissat_time_s,satsuma,0,0.024,0.0,2.331,0.024,2.331,0.024,2680.0,sat,sat,False,False
queens_n11,model_count,satsuma,120,679.0,0.0039463043212890625,1.905,0.03,1.908946304321289,0.03394630432128906,679.0,sat,sat,False,False
queens_n11,d4_speedup_vs_method_k0,dihedral_gen,48,1.6828358208955223,0.004009723663330078,1.608,0.03,1.6120097236633302,0.03400972366333008,964.0,sat,sat,False,False
queens_n11,kissat_speedup_vs_method_k0,dihedral_gen,48,1.3333333333333335,0.004009723663330078,1.608,0.03,1.6120097236633302,0.03400972366333008,964.0,sat,sat,False,False
queens_n11,models_ratio_vs_method_k0,satsuma,120,0.2533582089552239,0.0039463043212890625,1.905,0.03,1.908946304321289,0.03394630432128906,679.0,sat,sat,False,False
queens_n11,tool_time_s,dihedral_gen,0,0.0,0.0,2.706,0.04,2.706,0.04,2680.0,sat,sat,False,False
queens_n11,total_d4_time_s,dihedral_gen,48,1.6120097236633302,0.004009723663330078,1.608,0.03,1.6120097236633302,0.03400972366333008,964.0,sat,sat,False,False
queens_n11,total_kissat_time_s,satsuma,0,0.024,0.0,2.331,0.024,2.331,0.024,2680.0,sat,sat,False,False
queens_n11,d4_net_speedup_vs_method_k0,dihedral_gen,48,1.6786499239288402,0.004009723663330078,1.608,0.03,1.6120097236633302,0.03400972366333008,964.0,sat,sat,False,False
queens_n11,kissat_net_speedup_vs_method_k0,dihedral_gen,48,1.1761342254929508,0.004009723663330078,1.608,0.03,1.6120097236633302,0.03400972366333008,964.0,sat,sat,False,False
queens_n12,d4_time_s,satsuma,140,3.293,0.0,3.293,0.031,3.293,0.031,7299.0,sat,sat,False,False
queens_n12,kissat_time_s,dihedral_gen,28,0.006,0.0,5.179,0.006,5.179,0.006,5193.0,sat,sat,False,False
queens_n12,model_count,dihedral_gen,84,5173.0,0.0,5.678,0.006,5.678,0.006,5173.0,sat,sat,False,False
queens_n12,d4_speedup_vs_method_k0,satsuma,140,1.2429395687822653,0.0,3.293,0.031,3.293,0.031,7299.0,sat,sat,False,False
queens_n12,kissat_speedup_vs_method_k0,dihedral_gen,28,7.5,0.0,5.179,0.006,5.179,0.006,5193.0,sat,sat,False,False
queens_n12,models_ratio_vs_method_k0,dihedral_gen,84,0.3642957746478873,0.0,5.678,0.006,5.678,0.006,5173.0,sat,sat,False,False
queens_n12,tool_time_s,dihedral_gen,0,0.0,0.0,4.634,0.045,4.634,0.045,14200.0,sat,sat,False,False
queens_n12,total_d4_time_s,satsuma,140,3.293,0.0,3.293,0.031,3.293,0.031,7299.0,sat,sat,False,False
queens_n12,total_kissat_time_s,dihedral_gen,28,0.006,0.0,5.179,0.006,5.179,0.006,5193.0,sat,sat,False,False
queens_n12,d4_net_speedup_vs_method_k0,satsuma,140,1.2429395687822653,0.0,3.293,0.031,3.293,0.031,7299.0,sat,sat,False,False
queens_n12,kissat_net_speedup_vs_method_k0,dihedral_gen,28,7.5,0.0,5.179,0.006,5.179,0.006,5193.0,sat,sat,False,False
queens_n13,d4_time_s,satsuma,165,8.781,0.0,8.781,0.051,8.781,0.051,13869.0,sat,sat,False,False
queens_n13,kissat_time_s,satsuma,0,0.028,0.0,21.952,0.028,21.952,0.028,73712.0,sat,sat,False,False
queens_n13,model_count,satsuma,165,13869.0,0.0,8.781,0.051,8.781,0.051,13869.0,sat,sat,False,False
queens_n13,d4_speedup_vs_method_k0,satsuma,165,2.499943058877121,0.0,8.781,0.051,8.781,0.051,13869.0,sat,sat,False,False
queens_n13,kissat_speedup_vs_method_k0,dihedral_gen,0,1.0,0.0,16.515,0.029,16.515,0.029,73712.0,sat,sat,False,False
queens_n13,models_ratio_vs_method_k0,satsuma,165,0.18815118298241806,0.0,8.781,0.051,8.781,0.051,13869.0,sat,sat,False,False
queens_n13,tool_time_s,dihedral_gen,0,0.0,0.0,16.515,0.029,16.515,0.029,73712.0,sat,sat,False,False
queens_n13,total_d4_time_s,satsuma,165,8.781,0.0,8.781,0.051,8.781,0.051,13869.0,sat,sat,False,False
queens_n13,total_kissat_time_s,satsuma,0,0.028,0.0,21.952,0.028,21.952,0.028,73712.0,sat,sat,False,False
queens_n13,d4_net_speedup_vs_method_k0,satsuma,165,2.499943058877121,0.0,8.781,0.051,8.781,0.051,13869.0,sat,sat,False,False
queens_n13,kissat_net_speedup_vs_method_k0,dihedral_gen,0,1.0,0.0,16.515,0.029,16.515,0.029,73712.0,sat,sat,False,False
queens_n14,d4_time_s,dihedral_gen,39,66.047,0.0,66.047,0.046,66.047,0.046,132810.0,sat,sat,False,False
queens_n14,kissat_time_s,satsuma,78,0.029,0.0,131.482,0.029,131.482,0.029,272914.0,sat,sat,False,False
queens_n14,model_count,dihedral_gen,78,132706.0,0.0,74.935,0.056,74.935,0.056,132706.0,sat,sat,False,False
queens_n14,d4_speedup_vs_method_k0,dihedral_gen,39,3.0568837343104156,0.0,66.047,0.046,66.047,0.046,132810.0,sat,sat,False,False
queens_n14,kissat_speedup_vs_method_k0,satsuma,78,1.6206896551724137,0.0,131.482,0.029,131.482,0.029,272914.0,sat,sat,False,False
queens_n14,models_ratio_vs_method_k0,dihedral_gen,78,0.36298537183120166,0.0,74.935,0.056,74.935,0.056,132706.0,sat,sat,False,False
queens_n14,tool_time_s,dihedral_gen,0,0.0,0.0,201.898,0.033,201.898,0.033,365596.0,sat,sat,False,False
queens_n14,total_d4_time_s,dihedral_gen,39,66.047,0.0,66.047,0.046,66.047,0.046,132810.0,sat,sat,False,False
queens_n14,total_kissat_time_s,satsuma,78,0.029,0.0,131.482,0.029,131.482,0.029,272914.0,sat,sat,False,False
queens_n14,d4_net_speedup_vs_method_k0,dihedral_gen,39,3.0568837343104156,0.0,66.047,0.046,66.047,0.046,132810.0,sat,sat,False,False
queens_n14,kissat_net_speedup_vs_method_k0,satsuma,78,1.6206896551724137,0.0,131.482,0.029,131.482,0.029,272914.0,sat,sat,False,False
rcsums_rc10_rcrand2,d4_time_s,sums_neighbors,88,0.081,0.03142809867858887,0.081,0.004,0.11242809867858887,0.03542809867858887,99.0,sat,sat,False,False
rcsums_rc10_rcrand2,kissat_time_s,satsuma,44,0.003,0.0,2.046,0.003,2.046,0.003,345937.0,sat,sat,False,False
rcsums_rc10_rcrand2,model_count,sums_neighbors,110,87.0,0.04292106628417969,0.114,0.007,0.15692106628417968,0.04992106628417969,87.0,sat,sat,False,False
rcsums_rc10_rcrand2,d4_speedup_vs_method_k0,sums_neighbors,88,17.555555555555554,0.03142809867858887,0.081,0.004,0.11242809867858887,0.03542809867858887,99.0,sat,sat,False,False
rcsums_rc10_rcrand2,kissat_speedup_vs_method_k0,satsuma,44,1.6666666666666667,0.0,2.046,0.003,2.046,0.003,345937.0,sat,sat,False,False
rcsums_rc10_rcrand2,models_ratio_vs_method_k0,sums_neighbors,110,2.8009581208468552e-05,0.04292106628417969,0.114,0.007,0.15692106628417968,0.04992106628417969,87.0,sat,sat,False,False
rcsums_rc10_rcrand2,tool_time_s,satsuma,0,0.0,0.0,1.627,0.005,1.627,0.005,3106080.0,sat,sat,False,False
rcsums_rc10_rcrand2,total_d4_time_s,sums_neighbors,88,0.11242809867858887,0.03142809867858887,0.081,0.004,0.11242809867858887,0.03542809867858887,99.0,sat,sat,False,False
rcsums_rc10_rcrand2,total_kissat_time_s,satsuma,44,0.003,0.0,2.046,0.003,2.046,0.003,345937.0,sat,sat,False,False
rcsums_rc10_rcrand2,d4_net_speedup_vs_method_k0,sums_neighbors,88,12.648083679376583,0.03142809867858887,0.081,0.004,0.11242809867858887,0.03542809867858887,99.0,sat,sat,False,False
rcsums_rc10_rcrand2,kissat_net_speedup_vs_method_k0,satsuma,44,1.6666666666666667,0.0,2.046,0.003,2.046,0.003,345937.0,sat,sat,False,False
rcsums_rc10_rcrand5,d4_time_s,satsuma,44,2685.79,0.0,2685.79,0.007,2685.79,0.007,,,sat,True,False
rcsums_rc10_rcrand5,kissat_time_s,satsuma,110,0.004,0.0,3373.29,0.004,3373.29,0.004,,,sat,True,False
rcsums_rc10_rcrand5,d4_speedup_vs_method_k0,satsuma,44,2.856813079205746,0.0,2685.79,0.007,2685.79,0.007,,,sat,True,False
rcsums_rc10_rcrand5,kissat_speedup_vs_method_k0,sums_neighbors,110,2.5,0.03173017501831055,5601.33,0.004,5601.361730175018,0.03573017501831055,,,sat,True,False
rcsums_rc10_rcrand5,tool_time_s,satsuma,0,0.0,0.0,7672.8,0.008,7672.8,0.008,,,sat,True,False
rcsums_rc10_rcrand5,total_d4_time_s,satsuma,44,2685.79,0.0,2685.79,0.007,2685.79,0.007,,,sat,True,False
rcsums_rc10_rcrand5,total_kissat_time_s,satsuma,110,0.004,0.0,3373.29,0.004,3373.29,0.004,,,sat,True,False
rcsums_rc10_rcrand5,d4_net_speedup_vs_method_k0,satsuma,44,2.856813079205746,0.0,2685.79,0.007,2685.79,0.007,,,sat,True,False
rcsums_rc10_rcrand5,kissat_net_speedup_vs_method_k0,satsuma,110,2.0,0.0,3373.29,0.004,3373.29,0.004,,,sat,True,False
rcsums_rc12_rcrand2,d4_time_s,sums_neighbors,124,0.111,0.06735110282897949,0.111,0.005,0.17835110282897948,0.0723511028289795,131.0,sat,sat,False,False
rcsums_rc12_rcrand2,kissat_time_s,satsuma,124,0.005,0.0,30.323,0.005,30.323,0.005,4725433.0,sat,sat,False,False
rcsums_rc12_rcrand2,model_count,sums_neighbors,124,131.0,0.06735110282897949,0.111,0.005,0.17835110282897948,0.0723511028289795,131.0,sat,sat,False,False
rcsums_rc12_rcrand2,d4_speedup_vs_method_k0,sums_neighbors,124,1678.4414414414414,0.06735110282897949,0.111,0.005,0.17835110282897948,0.0723511028289795,131.0,sat,sat,False,False
rcsums_rc12_rcrand2,kissat_speedup_vs_method_k0,sums_neighbors,31,1.4,0.01612377166748047,0.907,0.005,0.9231237716674805,0.02112377166748047,1280520.0,sat,sat,False,False
rcsums_rc12_rcrand2,models_ratio_vs_method_k0,sums_neighbors,124,3.2787213487308094e-06,0.06735110282897949,0.111,0.005,0.17835110282897948,0.0723511028289795,131.0,sat,sat,False,False
rcsums_rc12_rcrand2,tool_time_s,satsuma,0,0.0,0.0,114.168,0.006,114.168,0.006,39954600.0,sat,sat,False,False
rcsums_rc12_rcrand2,total_d4_time_s,sums_neighbors,124,0.17835110282897948,0.06735110282897949,0.111,0.005,0.17835110282897948,0.0723511028289795,131.0,sat,sat,False,False
rcsums_rc12_rcrand2,total_kissat_time_s,satsuma,124,0.005,0.0,30.323,0.005,30.323,0.005,4725433.0,sat,sat,False,False
rcsums_rc12_rcrand2,d4_net_speedup_vs_method_k0,sums_neighbors,124,1044.6080626630574,0.06735110282897949,0.111,0.005,0.17835110282897948,0.0723511028289795,131.0,sat,sat,False,False
rcsums_rc12_rcrand2,kissat_net_speedup_vs_method_k0,satsuma,124,1.2,0.0,30.323,0.005,30.323,0.005,4725433.0,sat,sat,False,False
rcsums_rc13_rcrand10,d4_time_s,satsuma,108,3803.01,0.0047223567962646484,3803.01,0.02,3803.0147223567965,0.02472235679626465,,,sat,True,False
rcsums_rc13_rcrand10,kissat_time_s,sums_neighbors,144,0.016,0.022992610931396484,8831.5,0.016,8831.522992610931,0.038992610931396485,,,sat,True,False
rcsums_rc13_rcrand10,d4_speedup_vs_method_k0,satsuma,108,3.6299141995419415,0.0047223567962646484,3803.01,0.02,3803.0147223567965,0.02472235679626465,,,sat,True,False
rcsums_rc13_rcrand10,kissat_speedup_vs_method_k0,satsuma,72,1.764705882352941,0.0,8053.12,0.017,8053.12,0.017,,,sat,True,False
rcsums_rc13_rcrand10,tool_time_s,satsuma,0,0.0,0.0,13804.6,0.03,13804.6,0.03,,,sat,True,False
rcsums_rc13_rcrand10,total_d4_time_s,satsuma,108,3803.0147223567965,0.0047223567962646484,3803.01,0.02,3803.0147223567965,0.02472235679626465,,,sat,True,False
rcsums_rc13_rcrand10,total_kissat_time_s,satsuma,72,0.017,0.0,8053.12,0.017,8053.12,0.017,,,sat,True,False
rcsums_rc13_rcrand10,d4_net_speedup_vs_method_k0,satsuma,108,3.6299096921310476,0.0047223567962646484,3803.01,0.02,3803.0147223567965,0.02472235679626465,,,sat,True,False
rcsums_rc13_rcrand10,kissat_net_speedup_vs_method_k0,satsuma,72,1.764705882352941,0.0,8053.12,0.017,8053.12,0.017,,,sat,True,False
rcsums_rc14_rcrand13,d4_time_s,satsuma,84,0.06,0.0,0.06,0.038,0.06,0.038,0.0,unsat,unsat,False,False
rcsums_rc14_rcrand13,kissat_time_s,satsuma,84,0.038,0.0,0.06,0.038,0.06,0.038,0.0,unsat,unsat,False,False
rcsums_rc14_rcrand13,model_count,satsuma,0,0.0,0.0,0.179,0.274,0.179,0.274,0.0,unsat,unsat,False,False
rcsums_rc14_rcrand13,d4_speedup_vs_method_k0,satsuma,84,2.9833333333333334,0.0,0.06,0.038,0.06,0.038,0.0,unsat,unsat,False,False
rcsums_rc14_rcrand13,kissat_speedup_vs_method_k0,satsuma,84,7.210526315789474,0.0,0.06,0.038,0.06,0.038,0.0,unsat,unsat,False,False
rcsums_rc14_rcrand13,tool_time_s,satsuma,0,0.0,0.0,0.179,0.274,0.179,0.274,0.0,unsat,unsat,False,False
rcsums_rc14_rcrand13,total_d4_time_s,satsuma,84,0.06,0.0,0.06,0.038,0.06,0.038,0.0,unsat,unsat,False,False
rcsums_rc14_rcrand13,total_kissat_time_s,satsuma,84,0.038,0.0,0.06,0.038,0.06,0.038,0.0,unsat,unsat,False,False
rcsums_rc14_rcrand13,d4_net_speedup_vs_method_k0,satsuma,84,2.9833333333333334,0.0,0.06,0.038,0.06,0.038,0.0,unsat,unsat,False,False
rcsums_rc14_rcrand13,kissat_net_speedup_vs_method_k0,satsuma,84,7.210526315789474,0.0,0.06,0.038,0.06,0.038,0.0,unsat,unsat,False,False
rcsums_rc15_rcrand3,d4_time_s,sums_neighbors,240,3853.78,0.2356126308441162,3853.78,0.027,3854.0156126308443,0.26261263084411623,,,sat,True,False
rcsums_rc15_rcrand3,kissat_time_s,satsuma,192,0.006,0.016033411026000977,4586.9,0.006,4586.916033411026,0.022033411026000975,,,sat,True,False
rcsums_rc15_rcrand3,d4_speedup_vs_method_k0,sums_neighbors,240,3.085178707658455,0.2356126308441162,3853.78,0.027,3854.0156126308443,0.26261263084411623,,,sat,True,False
rcsums_rc15_rcrand3,kissat_speedup_vs_method_k0,satsuma,192,4.833333333333333,0.016033411026000977,4586.9,0.006,4586.916033411026,0.022033411026000975,,,sat,True,False
rcsums_rc15_rcrand3,tool_time_s,satsuma,0,0.0,0.0,13422.4,0.029,13422.4,0.029,,,sat,True,False
rcsums_rc15_rcrand3,total_d4_time_s,sums_neighbors,240,3854.0156126308443,0.2356126308441162,3853.78,0.027,3854.0156126308443,0.26261263084411623,,,sat,True,False
rcsums_rc15_rcrand3,total_kissat_time_s,satsuma,144,0.008,0.0,8431.12,0.008,8431.12,0.008,,,sat,True,False
rcsums_rc15_rcrand3,d4_net_speedup_vs_method_k0,sums_neighbors,240,3.0849900973504027,0.2356126308441162,3853.78,0.027,3854.0156126308443,0.26261263084411623,,,sat,True,False
rcsums_rc15_rcrand3,kissat_net_speedup_vs_method_k0,satsuma,144,3.625,0.0,8431.12,0.008,8431.12,0.008,,,sat,True,False
